{
    "total_runtime": 93.37783455848694,
    "num_documents": 3,
    "input_load_time": 0,
    "workflows": {
        "create_base_text_units": {
            "overall": 3.997020721435547,
            "0_orderby": 0.014496326446533203,
            "1_zip": 0.00657343864440918,
            "2_aggregate_override": 0.011612415313720703,
            "3_chunk": 3.9037814140319824,
            "4_select": 0.005143880844116211,
            "5_unroll": 0.01052403450012207,
            "6_rename": 0.0021750926971435547,
            "7_genid": 0.0026395320892333984,
            "8_unzip": 0.003942728042602539,
            "9_copy": 0.0016520023345947266,
            "10_filter": 0.03364229202270508
        },
        "create_base_extracted_entities": {
            "overall": 31.41109275817871,
            "0_entity_extract": 31.353078842163086,
            "1_snapshot": 0.018872499465942383,
            "2_merge_graphs": 0.028124570846557617,
            "3_snapshot_rows": 0.010369539260864258
        },
        "create_final_covariates": {
            "overall": 30.79324460029602,
            "0_extract_covariates": 30.780152797698975,
            "1_window": 0.0020012855529785156,
            "2_genid": 0.0017006397247314453,
            "3_convert": 0.004034757614135742,
            "4_rename": 0.0020291805267333984,
            "5_select": 0.0025587081909179688
        },
        "create_summarized_entities": {
            "overall": 2.254695177078247,
            "0_summarize_descriptions": 2.2447454929351807,
            "1_snapshot_rows": 0.009327173233032227
        },
        "create_base_entity_graph": {
            "overall": 0.09011578559875488,
            "0_cluster_graph": 0.062148332595825195,
            "1_snapshot_rows": 0.01303863525390625,
            "2_snapshot_rows": 0.012104988098144531,
            "3_select": 0.0022437572479248047
        },
        "create_final_entities": {
            "overall": 2.9561898708343506,
            "0_unpack_graph": 0.012932062149047852,
            "1_rename": 0.0020599365234375,
            "2_select": 0.0022890567779541016,
            "3_dedupe": 0.005906105041503906,
            "4_rename": 0.0020895004272460938,
            "5_filter": 0.00984954833984375,
            "6_text_split": 0.004979372024536133,
            "7_drop": 0.002201557159423828,
            "8_merge": 0.0374293327331543,
            "9_text_embed": 2.8603341579437256,
            "10_drop": 0.0026171207427978516,
            "11_filter": 0.01236414909362793
        },
        "create_final_nodes": {
            "overall": 0.1473860740661621,
            "0_layout_graph": 0.036507606506347656,
            "1_unpack_graph": 0.016192197799682617,
            "2_unpack_graph": 0.012057781219482422,
            "3_filter": 0.010065555572509766,
            "4_drop": 0.003675699234008789,
            "5_select": 0.003217935562133789,
            "6_snapshot": 0.010236263275146484,
            "7_rename": 0.002208232879638672,
            "8_convert": 0.01587843894958496,
            "9_join": 0.03374600410461426,
            "10_rename": 0.0024611949920654297
        },
        "create_final_communities": {
            "overall": 0.04966425895690918,
            "0_create_final_communities": 0.04926133155822754
        },
        "create_final_relationships": {
            "overall": 0.025597333908081055,
            "0_create_final_relationships_pre_embedding": 0.011896133422851562,
            "1_create_final_relationships_post_embedding": 0.013187408447265625
        },
        "create_final_text_units": {
            "overall": 0.0816493034362793,
            "0_create_final_text_units_pre_embedding": 0.07809329032897949,
            "1_select": 0.002909421920776367
        },
        "create_final_community_reports": {
            "overall": 16.93979287147522,
            "0_prepare_community_reports_nodes": 0.01068735122680664,
            "1_prepare_community_reports_edges": 0.007078886032104492,
            "2_prepare_community_reports_claims": 0.007124423980712891,
            "3_restore_community_hierarchy": 0.015048027038574219,
            "4_prepare_community_reports": 0.17259454727172852,
            "5_create_community_reports": 16.722187042236328,
            "6_window": 0.00345611572265625
        },
        "create_base_documents": {
            "overall": 0.046836137771606445,
            "0_unroll": 0.00511932373046875,
            "1_select": 0.0019118785858154297,
            "2_rename": 0.002070188522338867,
            "3_join": 0.012267589569091797,
            "4_aggregate_override": 0.0041027069091796875,
            "5_join": 0.015340566635131836,
            "6_rename": 0.0017774105072021484,
            "7_convert": 0.0034122467041015625
        },
        "create_final_documents": {
            "overall": 0.0021545886993408203,
            "0_rename": 0.0016939640045166016
        }
    }
}